Metric,Value
RMSE,5.148805644707278
MAE,1.531961309980885
R²,0.9279436013921704
MAPE,721265134598.7144
Mean_Residual,-0.011213922128207546
Std_Residual,5.148793432923876
